WOS,g2w-gpfs2,active
WOS,g2w-gpfs,active
NSD & GridNAS,gs0,active
NSD & GridNAS,gs1,active
NSD & GridNAS,gs2,active
NSD & GridNAS,gs3,active
APP,lcmodel,active
Compute Nodes,lvm83-703,active
Compute Nodes,lvm92-703,active
Workstations,mrrc-ws01,active
Workstations,mrrc-ws02,active
Workstations,mrrc-ws03,active
Workstations,mrrc-ws04,active
Workstations,mrrc-ws05,active
Workstations,mrrc-ws06,active
Workstations,mrrc-ws07,active
Workstations,mrrc-ws08,active
Workstations,mrrc-ws09,active
Workstations,mrrc-ws10,active
Workstations,mrrc-ws11,down
Workstations,mrrc-ws12,active
Workstations,mrrc-ws13,active
Workstations,mrrc-ws14,active
Workstations,mrrc-ws15,active
Workstations,mrrc-ws51,active
Workstations,mrrc-ws52,active
Workstations,mrrc-ws53,active
Workstations,mrrc-ws54,unknown
Compute Nodes,n0-703,active
Compute Nodes,n10-703,active
Compute Nodes,n11-703,active
Compute Nodes,n12-703,active
Compute Nodes,n13-703,active
Compute Nodes,n14-703,active
Compute Nodes,n15-703,active
Compute Nodes,n16-703,active
Compute Nodes,n1-703,active
Compute Nodes,n17-703,active
Compute Nodes,n18-703,active
Compute Nodes,n19-703,active
Compute Nodes,n20-703,active
Compute Nodes,n21-703,active
Compute Nodes,n22-703,active
Compute Nodes,n23-703,active
Compute Nodes,n24-703,active
Compute Nodes,n25-703,active
Compute Nodes,n26-703,active
Compute Nodes,n2-703,active
Compute Nodes,n27-703,active
Compute Nodes,n28-703,active
Compute Nodes,n29-703,active
Compute Nodes,n30-703,active
Compute Nodes,n31-703,active
Compute Nodes,n32-703,active
Compute Nodes,n33-703,active
Compute Nodes,n34-703,active
Compute Nodes,n35-703,active
Compute Nodes,n36-703,active
Compute Nodes,n3-703,active
Compute Nodes,n37-703,active
Compute Nodes,n38-703,active
Compute Nodes,n39-703,active
Compute Nodes,n40-703,active
Compute Nodes,n41-703,active
Compute Nodes,n42-703,active
Compute Nodes,n43-703,active
Compute Nodes,n44-703,active
Compute Nodes,n45-703,active
Compute Nodes,n46-703,active
Compute Nodes,n4-703,active
Compute Nodes,n47-703,active
Compute Nodes,n48-703,active
Compute Nodes,n49-703,active
Compute Nodes,n50-703,active
Compute Nodes,n51-703,active
Compute Nodes,n52-703,active
Compute Nodes,n53-703,active
Compute Nodes,n54-703,active
Compute Nodes,n55-703,active
Compute Nodes,n56-703,active
Compute Nodes,n5-703,active
Compute Nodes,n57-703,active
Compute Nodes,n58-703,active
Compute Nodes,n59-703,active
Compute Nodes,n60-703,active
Compute Nodes,n61-703,active
Compute Nodes,n62-703,active
Compute Nodes,n63-703,active
Compute Nodes,n64-703,active
Compute Nodes,n65-703,active
Compute Nodes,n66-703,active
Compute Nodes,n6-703,active
Compute Nodes,n67-703,active
Compute Nodes,n68-703,active
Compute Nodes,n69-703,active
Compute Nodes,n70-703,active
Compute Nodes,n71-703,active
Compute Nodes,n72-703,active
Compute Nodes,n73-703,active
Compute Nodes,n74-703,active
Compute Nodes,n75-703,active
Compute Nodes,n76-703,active
Compute Nodes,n7-703,active
Compute Nodes,n77-703,active
Compute Nodes,n78-703,active
Compute Nodes,n79-703,active
Compute Nodes,n80-703,active
Compute Nodes,n81-703,active
Compute Nodes,n82-703,active
Compute Nodes,n83-703,active
Compute Nodes,n84-703,active
Compute Nodes,n85-703,active
Compute Nodes,n86-703,active
Compute Nodes,n8-703,active
Compute Nodes,n87-703,active
Compute Nodes,n9-703,active
